{"cameraMode":{"drawMode":0,"name":"Shaded","section":"Shading Mode"},"sceneLighting":true,"audioPlay":false,"sceneViewState":{"showFog":true,"showMaterialUpdate":false,"showSkybox":true,"showFlares":true,"showImageEffects":true,"showParticleSystems":true},"in2DMode":false,"pivot":{"x":-9.343120574951172,"y":25.114696502685548,"z":-32.80989074707031},"rotation":{"x":0.2859370708465576,"y":0.07894115149974823,"z":-0.023647168651223184,"w":0.9547035098075867},"size":2.8578836917877199,"orthographic":false}