{"cameraMode":{"drawMode":0,"name":"Shaded","section":"Shading Mode"},"sceneLighting":true,"audioPlay":false,"sceneViewState":{"showFog":true,"showMaterialUpdate":false,"showSkybox":true,"showFlares":true,"showImageEffects":true,"showParticleSystems":true},"in2DMode":false,"pivot":{"x":3.4714596271514894,"y":32.41246795654297,"z":-43.96812438964844},"rotation":{"x":0.2761489450931549,"y":0.06768859922885895,"z":-0.01950114592909813,"w":0.9585326313972473},"size":8.22732925415039,"orthographic":false}