{"cameraMode":{"drawMode":0,"name":"Shaded","section":"Shading Mode"},"sceneLighting":true,"audioPlay":false,"sceneViewState":{"showFog":true,"showMaterialUpdate":false,"showSkybox":true,"showFlares":true,"showImageEffects":true,"showParticleSystems":true},"in2DMode":false,"pivot":{"x":3.315030574798584,"y":1.118872880935669,"z":-5.061089515686035},"rotation":{"x":0.1175750195980072,"y":0.8270027041435242,"z":-0.18824496865272523,"w":0.5165337920188904},"size":11.925186157226563,"orthographic":false}